{
	"info": {
		"_postman_id": "535530f9-9ed1-4c41-aa73-e9708f331ced",
		"name": "Exercício ADD",
		"schema": "https://schema.getpostman.com/json/collection/v2.1.0/collection.json"
	},
	"item": [
		{
			"name": "http://www.dneonline.com/calculator.asmx?op=Add",
			"event": [
				{
					"listen": "test",
					"script": {
						"exec": [
							"pm.test(\"Your test name\", function () {\r",
							"    var jsonObject = xml2Json(responseBody);\r",
							"\r",
							"    var responseText = jsonObject['soap:Envelope']['soap:Body']['AddResponse']['AddResult']\r",
							"    \r",
							"    pm.expect(parseInt(responseText)).to.eql(15);\r",
							"\r",
							"});"
						],
						"type": "text/javascript"
					}
				}
			],
			"protocolProfileBehavior": {
				"disabledSystemHeaders": {
					"content-type": true
				}
			},
			"request": {
				"method": "POST",
				"header": [
					{
						"key": "Content-Type",
						"value": "text/xml; charset=utf-8",
						"type": "text"
					},
					{
						"key": "SOAPAction",
						"value": "http://tempuri.org/Add",
						"type": "text"
					}
				],
				"body": {
					"mode": "raw",
					"raw": "<?xml version=\"1.0\" encoding=\"utf-8\"?>\r\n<soap:Envelope xmlns:xsi=\"http://www.w3.org/2001/XMLSchema-instance\" xmlns:xsd=\"http://www.w3.org/2001/XMLSchema\" xmlns:soap=\"http://schemas.xmlsoap.org/soap/envelope/\">\r\n  <soap:Body>\r\n    <Add xmlns=\"http://tempuri.org/\">\r\n      <intA>{{int1}}</intA>\r\n      <intB>{{int2}}</intB>\r\n    </Add>\r\n  </soap:Body>\r\n</soap:Envelope>"
				},
				"url": {
					"raw": "http://www.dneonline.com/calculator.asmx",
					"protocol": "http",
					"host": [
						"www",
						"dneonline",
						"com"
					],
					"path": [
						"calculator.asmx"
					]
				}
			},
			"response": []
		}
	]
}